Order Region,Orders,Average_Delay,Delay_Rate,Late_Risk
Central Africa,1677,0.6398330351818724,60.703637447823496,57.960644007155636
Western Europe,27109,0.5974030764690693,58.51562211811575,55.84861116234461
South Asia,7731,0.5974647522959514,58.50472125210193,56.26697710516104
South of  USA ,4045,0.5799752781211372,58.0964153275649,55.77255871446229
Southeast Asia,9539,0.5582346157878184,57.98301708774505,55.52992976202956
East of USA,6915,0.5848156182212582,57.975415762834416,55.66160520607375
West Asia,6009,0.5694791146613413,57.49708770178066,55.28374105508404
East Africa,1852,0.5707343412526998,57.45140388768899,55.93952483801296
Eastern Europe,3920,0.5798469387755102,57.44897959183673,55.66326530612245
Central America,28341,0.5619420627359656,57.24568646131048,54.75459581525
South America,14935,0.5563441580180783,57.234683629059255,54.30867090726481
Central Asia,553,0.6455696202531646,57.14285714285714,55.33453887884268
US Center ,5887,0.5872260913878037,57.12587056225582,55.24036011550875
Eastern Asia,7280,0.5664835164835165,56.730769230769226,54.32692307692307
Southern Europe,9431,0.5156399109320327,56.7278125331354,54.38447672569187
North Africa,3232,0.5522896039603961,56.683168316831676,54.51732673267327
West of USA ,7993,0.5572375828850245,56.59952458401101,53.959714750406604
Northern Europe,9792,0.546875,56.41339869281046,54.04411764705882
Southern Africa,1157,0.4788245462402766,56.26620570440796,53.3275713050994
Oceania,10148,0.556267244777296,56.10957824201813,54.02049664958612
Caribbean,8318,0.5465256071170954,55.87881702332291,53.077662899735515
West Africa,3696,0.5505952380952381,55.00541125541125,52.84090909090909
Canada,959,0.3910323253388947,51.92909280500522,48.800834202294055
